axis_ratio,filename,largest_ratio,max_edge_ratio,status,thick_faces,thick_largest,thick_max_edge,thick_vertices,thin_faces,thin_largest,thin_max_edge,thin_vertices
6334.1961,asymmetric-button-womens-shirt-3d-model.glb,5895.1294,486200.4178,suspicious,380660,526755.7500,556907.9344,191134,163706,89.3544,1.1454,95447
2.8309,asymmetric-wrap-shirt-dress-3d-model.glb,2.8309,132.2819,suspicious,250780,180.2201,180.2201,125914,107981,63.6617,1.3624,62917
29455.0902,basic-short-sleeve-tshirt-3d-model.glb,11961.4650,361950.7933,suspicious,1921500,843590.0000,702708.5056,986441,819611,70.5256,1.9414,485741
11.8111,belted-womens-shirt-jacket-3d-model.glb,11.8111,518.4155,suspicious,361416,1082.2230,548.0826,180956,165480,91.6278,1.0572,90460
1.0151,blazer-3d-model-01-20140479.glb,1.0038,0.9992,ok,187224,8.2351,0.1872,93960,84195,8.2039,0.1874,46729
1.1985,blazer-3d-model-02-fce262dc.glb,1.0023,15.3680,ok,158444,9.9917,3.1068,79428,72384,9.9687,0.2022,39613
1.0897,blazer-3d-model-03-fe1aafcd.glb,1.0096,7.2325,ok,88668,8.3933,1.0976,44364,42288,8.3137,0.1518,22181
1.0096,blazer-3d-model-04-f16debcc.glb,1.0041,1.1466,ok,77276,12.0492,0.2333,38670,36548,11.9999,0.2035,19333
1.0137,blazer-3d-model-05-22e9f435.glb,1.0019,1.0329,ok,155524,12.8266,0.1995,77846,73547,12.8019,0.1932,38905
11.0516,classic-womens-button-shirt-3d-model.glb,11.0516,1039.1773,suspicious,278740,1248.2938,1248.2938,139482,128946,112.9513,1.2012,69721
1.0080,cloak-3d-model-01-bbd71a21.glb,1.0013,1.0198,ok,124368,10.6939,0.2298,62184,61518,10.6795,0.2253,31092
1.0079,cloak-3d-model-02-9d3b5bb8.glb,1.0015,1.0259,ok,74468,10.4383,0.2701,37238,36440,10.4223,0.2633,18619
1.0080,cloak-3d-model-03-12e7c69c.glb,1.0013,1.0198,ok,124368,10.6939,0.2298,62184,61518,10.6795,0.2253,31092
1.0082,cloak-3d-model-04-d6e4a1f6.glb,1.0014,1.5676,ok,157152,13.8133,0.3470,78648,75364,13.7943,0.2214,39320
1.0080,cloak-3d-model-05-29b99e07.glb,1.0015,1.0303,ok,48268,12.0233,0.3173,24164,22904,12.0053,0.3080,12082
1.0083,cloak-3d-model-06-542c52da.glb,1.0008,1.0300,ok,34044,8.7648,0.3018,17026,16537,8.7575,0.2930,8513
1.0084,cloak-3d-model-07-0c90ff90.glb,1.0021,1.4892,ok,589980,11.7846,0.2889,295036,290202,11.7605,0.1940,147512
1.0084,cloak-3d-model-08-9d6c527d.glb,1.0021,1.4892,ok,589980,11.7846,0.2889,295036,290202,11.7605,0.1940,147512
1.2436,coat-3d-model-01-434a44f6.glb,1.0833,25.7090,suspicious,120444,9.5414,4.8780,60280,56826,8.8073,0.1897,30140
1.0111,coat-3d-model-02-8e11fd6e.glb,1.0027,1.0069,ok,42720,15.8795,0.4221,21424,19441,15.8371,0.4192,10712
1.0120,coat-3d-model-03-ec81dc3d.glb,1.0007,1.0968,ok,110444,11.4865,0.4105,56414,40071,11.4790,0.3742,27736
1.0095,coat-3d-model-04-b95be9bc.glb,1.0002,1.8808,ok,146984,15.7527,0.3776,73520,70480,15.7499,0.2007,36760
1.0081,coat-3d-model-05-01e5816e.glb,1.0019,1.1095,ok,170548,15.5337,0.1729,85302,82320,15.5042,0.1558,42651
3.2284,coat-3d-model-06-86bfa5a3.glb,2.1916,129.6947,suspicious,1074128,26.2639,13.4783,537108,528678,11.9837,0.1039,268554
1.8886,dress-3d-model-01-eff7aaa8.glb,1.0006,7.4980,suspicious,110504,14.4686,3.8937,55624,47726,14.4598,0.5193,27590
1.0109,dress-3d-model-02-e526e605.glb,1.0012,2.1447,ok,174996,13.6652,1.2982,88074,79170,13.6486,0.6053,43819
1.0091,dress-3d-model-03-729550ef.glb,1.0008,1.0058,ok,139448,14.5907,0.2312,69788,67272,14.5786,0.2299,34894
1.0089,dress-3d-model-04-397699ae.glb,1.0012,1.0046,ok,151280,11.0486,0.2607,75734,70643,11.0359,0.2595,37838
1.0078,dress-3d-model-05-93034d58.glb,1.0011,1.0060,ok,112452,12.3628,0.3574,56498,49928,12.3494,0.3553,28099
1.0102,dress-3d-model-06-29e39d9a.glb,1.0015,1.0134,ok,27108,11.3289,0.5548,13562,13037,11.3123,0.5475,6781
60511.9527,dress-3d-model-07-cb612f18.glb,42421.4655,1284348.7333,suspicious,226232,680146.7500,479083.5368,114002,100154,16.0331,0.3730,57001
1.0361,dress-3d-model-08-911a9d7a.glb,1.0361,5.8357,ok,121984,16.8701,3.2594,62866,59500,16.2823,0.5585,30506
2.0914,dress-3d-model-09-859cc333.glb,1.0019,15.0793,suspicious,45628,10.4170,4.2914,22842,21976,10.3971,0.2846,11415
1.0487,dress-3d-model-10-63149e59.glb,1.0027,4.9974,ok,260396,9.4780,2.0356,130302,121589,9.4523,0.4073,65151
581.9417,dress-3d-model-11-0ef20947.glb,283.1927,21397.4616,suspicious,906408,3974.3674,3974.3674,507898,282249,14.0341,0.1857,252672
12318.2701,fitted-button-front-womens-blouse-3d-model.glb,3271.7929,235332.1789,suspicious,241900,333910.0938,333910.0993,121732,106130,102.0572,1.4189,60827
1.0071,hat-3d-model-01-bdfc7175.glb,1.0049,1.0045,ok,24028,2.1187,0.0726,12022,11422,2.1083,0.0723,6011
52.6543,hat-3d-model-02-3806493f.glb,47.3223,708.9409,suspicious,369704,270.9837,270.9837,186599,160344,5.7263,0.3822,93293
1.0354,hat-3d-model-03-efaffadf.glb,1.0064,1.0533,ok,75188,2.4158,0.1092,37614,35662,2.4004,0.1037,18807
1.0074,hat-3d-model-04-4a0ca052.glb,1.0041,1.0113,ok,14880,2.6559,0.1406,7452,6584,2.6452,0.1390,3726
1.0207,hat-3d-model-05-d658345c.glb,1.0013,1.0057,ok,28496,3.1445,0.0915,14346,13348,3.1404,0.0910,7128
1.0071,hat-3d-model-06-2c812517.glb,1.0049,1.0047,ok,24028,2.1186,0.0726,12022,11422,2.1083,0.0723,6011
1.0354,hat-3d-model-07-f772e382.glb,1.0064,1.0533,ok,75188,2.4158,0.1092,37614,35662,2.4004,0.1037,18807
1.0074,hat-3d-model-08-8b5fff95.glb,1.0041,1.0113,ok,14848,2.6559,0.1406,7420,6584,2.6452,0.1390,3710
1.0103,hat-3d-model-09-414af7e1.glb,1.0039,1.0093,ok,31604,3.8575,0.1431,15826,14833,3.8424,0.1417,7913
1.0088,hat-3d-model-10-0b2ff23a.glb,1.0047,1.6587,ok,498228,4.4991,0.1458,249132,245895,4.4778,0.0879,124566
6.9288,hat-3d-model-11-6ca90458.glb,6.9288,150.8710,suspicious,115948,27.5626,15.7931,57982,57026,3.9780,0.1047,28991
26385.0072,henley-roll-sleeve-shirt-3d-garment-model.glb,12153.9555,517975.9511,suspicious,1210732,932422.6875,1242462.4996,618315,526932,76.7176,2.3987,305339
1.0110,hoodie-mockup-3d-model-01-82ceee9b.glb,1.0029,1.2061,ok,126108,8.8103,0.3483,63128,59528,8.7846,0.2888,31537
1.0113,hoodie-mockup-3d-model-02-a413536b.glb,1.0023,1.2013,ok,62924,11.9168,0.3243,31512,29322,11.8895,0.2700,15756
1.0110,hoodie-mockup-3d-model-03-dca998b8.glb,1.0022,2.1708,ok,113788,9.7543,0.3449,56964,54400,9.7328,0.1589,28482
1.0112,hoodie-mockup-3d-model-04-e77e8039.glb,1.0021,13.4404,suspicious,62936,9.7012,3.6350,31520,29322,9.6812,0.2704,15758
1.0116,hoodie-mockup-3d-model-05-ef62b7ed.glb,1.0025,1.0036,ok,83996,9.3407,0.3742,42078,39468,9.3175,0.3729,21026
1.0109,hoodie-mockup-3d-model-06-e554ac26.glb,1.0016,1.4262,ok,68476,13.6489,0.5197,34430,29710,13.6271,0.3644,17127
1.0102,jacket-3d-model-01-1e3f1420.glb,1.0025,1.4263,ok,110348,10.9714,0.2746,55254,51641,10.9445,0.1925,27596
1.4025,jacket-3d-model-02-c70928e8.glb,1.2940,21.9999,suspicious,231704,12.3087,4.7941,116562,102161,9.5118,0.2179,57915
1.0118,jacket-3d-model-03-fb4d540f.glb,1.0019,14.1989,ok,128680,8.4789,2.2832,64434,60327,8.4629,0.1608,32217
1.0113,jacket-3d-model-04-c9941106.glb,1.0010,1.9834,ok,65004,7.0349,0.3687,32562,29998,7.0280,0.1859,16281
1.0091,jacket-3d-model-05-1cf216c4.glb,1.0037,1.0118,ok,380148,8.5748,0.2351,190164,186699,8.5434,0.2324,95072
1.1344,jacket-3d-model-06-728eac01.glb,1.0037,15.1615,ok,103552,8.2056,2.7995,52636,41108,8.1751,0.1846,26024
1.0058,jacket-3d-model-07-23919529.glb,1.0030,2.9487,ok,111152,9.0155,1.0453,55710,52057,8.9881,0.3545,27824
1.2208,jacket-3d-model-08-8d4724a3.glb,1.1780,27.9919,suspicious,62804,12.2013,5.3120,31452,29310,10.3578,0.1898,15723
8.8673,jacket-3d-model-09-96decb80.glb,8.2938,193.5322,suspicious,246696,63.0498,66.8149,128786,84128,7.6021,0.3452,63176
13.2893,jacket-3d-model-10-9cec3db9.glb,6.0472,74.5131,suspicious,410796,52.0294,28.4711,210000,144145,8.6039,0.3821,102673
2.5288,jacket-3d-model-11-768cab6d.glb,1.1507,19.3330,suspicious,284176,9.9006,6.0533,143048,123523,8.6039,0.3131,71038
1.2764,jacket-3d-model-12-0917d7bb.glb,1.0052,10.2914,ok,314508,7.9508,1.2918,157434,148108,7.9095,0.1255,78642
2.4124,jacket-3d-model-13-c469b1be.glb,1.2430,29.0327,suspicious,77212,8.3889,5.6704,38672,35820,6.7490,0.1953,19336
2.9491,jumpsuit-3d-model-01-3efb87d6.glb,1.0084,38.9899,suspicious,131428,13.3772,10.5542,65780,62696,13.2663,0.2707,32881
1.0115,jumpsuit-3d-model-02-7bdfcd8f.glb,1.0007,1.9931,ok,39616,13.9644,0.6984,19870,18366,13.9546,0.3504,9935
2.0816,jumpsuit-3d-model-03-6a89d31d.glb,1.1986,10.2155,suspicious,105684,18.2330,3.3005,53476,44846,15.2120,0.3231,26573
1.0129,jumpsuit-3d-model-04-e8a79953.glb,1.0012,1.0067,ok,26728,14.6275,0.3858,13384,12550,14.6095,0.3832,6692
3.0909,jumpsuit-3d-model-05-d919adda.glb,3.0909,90.6121,suspicious,179440,23.6408,23.6494,89980,85345,7.6485,0.2610,44970
3.0891,long-button-front-womens-shirt-3d-model.glb,3.0891,216.8962,suspicious,391392,238.3206,238.3206,196800,167691,77.1501,1.0988,98069
50283.9657,long-sleeve-crewneck-shirt-3d-model.glb,17955.2666,371365.8672,suspicious,1731840,1454134.1250,727111.4331,928367,741475,80.9865,1.9579,437690
51060.3097,long-sleeve-high-neck-base-layer-3d-model.glb,19301.4962,270201.2387,suspicious,2216544,1454133.1250,727110.9374,1148496,948122,75.3378,2.6910,560180
50974.1519,long-sleeve-turtleneck-top-3d-model.glb,17669.6645,291824.2652,suspicious,2217844,1454126.6250,727107.6926,1167270,948796,82.2951,2.4916,560503
47741.8688,longline-short-sleeve-top-3d-garment-model.glb,19705.2119,276635.2071,suspicious,1843332,1328293.3750,695969.6295,943497,786415,67.4082,2.5158,465981
27342.0433,minimal-long-sleeve-pullover-3d-garment-model.glb,11081.6795,330370.1861,suspicious,972008,876736.6875,590544.4489,491645,425448,79.1159,1.7875,245120
1.0010,oversized-utility-shirt-dress-3d-model.glb,1.0005,1.0090,ok,305060,83.8016,1.1564,152586,147106,83.7610,1.1460,76293
12.9032,pants-3d-model-01-2fc05c1e.glb,4.0387,146.2166,suspicious,57588,39.8272,50.6304,28848,26704,9.8613,0.3463,14411
2.0037,pants-3d-model-02-3999c50f.glb,2.0037,104.5079,suspicious,244908,19.4909,18.0821,123620,104179,9.7273,0.1730,61310
16.2522,pants-3d-model-03-3b0f4130.glb,6.1664,189.5057,suspicious,95496,60.6752,73.7702,48220,43530,9.8397,0.3893,24032
1.0112,pants-3d-model-04-9373b5df.glb,1.0031,5.4237,ok,430812,11.1750,0.7554,217312,179020,11.1407,0.1393,107402
1.0125,pants-3d-model-05-81bfd078.glb,1.0014,1.0238,ok,84836,9.9785,0.1585,42482,40208,9.9645,0.1548,21241
1.0113,pants-3d-model-06-17caa346.glb,1.0031,5.4329,ok,365520,11.1753,0.7567,182776,179020,11.1407,0.1393,91388
2.0055,pants-3d-model-07-ce8fc26f.glb,1.5156,77.5211,suspicious,526192,15.7035,5.9104,263192,254956,10.3613,0.0762,131593
1.0096,pants-3d-model-08-8ad74c82.glb,1.0005,5.0365,ok,543084,9.4003,0.4519,271922,261297,9.3955,0.0897,135873
1.0129,pants-3d-model-09-2e6a84e9.glb,1.0044,8.0187,ok,570364,9.3538,0.6696,286756,266418,9.3129,0.0835,143152
1.0129,pants-3d-model-10-81d86cf9.glb,1.0079,1.0867,ok,106044,11.4261,0.2372,53056,50613,11.3362,0.2183,26524
1.0108,pants-3d-model-11-edffe4a5.glb,1.0065,1.0075,ok,16000,3.7846,0.2196,8020,7432,3.7601,0.2180,4007
1.0140,pants-3d-model-12-d5df211f.glb,1.0010,1.0088,ok,45540,10.5493,0.2348,22794,21476,10.5382,0.2327,11397
1.0141,pants-3d-model-13-16d90746.glb,1.0026,1.0121,ok,38116,5.0485,0.2325,19416,13292,5.0353,0.2297,9708
1.0093,pants-3d-model-14-333f5add.glb,1.0007,1.0008,ok,45460,9.9508,0.2131,22740,21763,9.9441,0.2130,11370
1.0012,puff-sleeve-button-blouse-3d-model.glb,1.0003,3.3060,ok,230344,66.4347,3.4258,115266,109601,66.4134,1.0362,57633
1.0011,puff-sleeve-v-neck-button-top-3d-model.glb,1.0004,1.7378,ok,267644,74.4971,2.5387,134088,121706,74.4685,1.4609,67044
25608.3794,quarter-zip-long-sleeve-top-3d-model.glb,10744.7966,370151.0327,suspicious,2233796,759259.5000,662307.1780,1178873,971944,70.6630,1.7893,563579
11.3143,round-neck-button-womens-top-3d-model.glb,11.3143,1020.4512,suspicious,281300,1138.4323,1138.4323,140868,125834,100.6191,1.1156,70419
30.3296,shirt-3d-model-01-7911a7bb.glb,12.6865,955.8871,suspicious,83352,104.2802,143.0236,41692,40371,8.2198,0.1496,20846
1.1932,shirt-3d-model-02-66e9b2b5.glb,1.0126,28.5484,suspicious,82992,8.3268,4.2833,41512,40191,8.2234,0.1500,20756
1.0098,shirt-3d-model-03-f2dac145.glb,1.0038,6.5280,ok,82260,8.2587,0.9894,41148,39855,8.2272,0.1516,20574
49933.4048,short-sleeve-panel-tee-3d-garment-model.glb,27062.1113,350741.3051,suspicious,2088568,1610552.5000,904523.0572,1057697,907132,59.5132,2.5789,526991
37261.2915,short-sleeve-polo-shirt-3d-model.glb,17542.6198,262699.6242,suspicious,2658468,1145285.1250,671665.6784,1363413,1155576,65.2859,2.5568,670652
1.0100,skirt-3d-model-01-3ec6b0ef.glb,1.0065,1.0088,ok,111508,3.6942,0.0744,55782,53752,3.6704,0.0737,27885
1.0118,skirt-3d-model-02-aaba44ab.glb,1.0022,1.9004,ok,126196,6.2147,0.2974,65144,50483,6.2012,0.1565,32038
1.0104,skirt-3d-model-03-ad8ae3cf.glb,1.0012,1.0031,ok,312328,11.1872,0.1085,158674,133496,11.1740,0.1082,78495
1.0075,skirt-3d-model-04-42f5d08c.glb,1.0004,1.0710,ok,516920,7.1500,0.0815,258536,256466,7.1468,0.0761,129239
1.0114,skirt-3d-model-05-236524d6.glb,1.0009,1.0072,ok,41416,4.1698,0.2075,20750,18762,4.1659,0.2060,10375
1.0098,skirt-3d-model-06-e88074c7.glb,1.0066,1.6343,ok,106904,4.5634,0.2783,53504,51186,4.5335,0.1703,26747
1.0113,t-shirt-mockup-3d-model-01-aa09ae0d.glb,1.0021,1.0074,ok,14616,6.9895,0.2995,7322,6876,6.9746,0.2973,3661
4830.2223,tie-neck-womens-blouse-3d-model.glb,4830.2223,496399.7522,suspicious,350280,558762.6250,558762.6211,175342,160977,115.6805,1.1256,87666
5.3394,top-3d-model-01-fb5cebc0.glb,2.6047,126.1830,suspicious,324680,17.3049,16.9013,162574,155212,6.6438,0.1339,81204
1.0108,top-3d-model-02-cd9d7a5c.glb,1.0041,1.0095,ok,18856,3.6578,0.1918,9446,8702,3.6429,0.1900,4723
1.8625,top-3d-model-03-571971b8.glb,1.5045,15.5669,suspicious,5404,5.2005,5.6252,2738,2132,3.4568,0.3614,1369
1.0104,top-3d-model-04-1d358912.glb,1.0037,1.0027,ok,37640,3.7262,0.1867,18876,16380,3.7123,0.1862,9438
1.2737,top-3d-model-05-668987f2.glb,1.0023,9.4164,ok,17804,9.2166,2.5813,9042,6882,9.1954,0.2741,4521
1.0121,top-3d-model-06-157dceff.glb,1.0027,4.3288,ok,213936,10.5360,0.3489,107164,102276,10.5076,0.0806,53576
7.2008,underwear-3d-model-01-88d0a731.glb,7.1177,70.4467,suspicious,26364,21.7260,11.2708,13204,11549,3.0524,0.1600,6602
1.0147,underwear-3d-model-02-1db039ca.glb,1.0016,1.0626,ok,36324,6.9109,0.1687,18214,15534,6.9000,0.1588,9099
1.5646,underwear-3d-model-03-d6d81002.glb,1.0015,41.6528,suspicious,30612,7.0525,3.4687,15430,12644,7.0418,0.0833,7715
1.0150,underwear-3d-model-04-5a17d35d.glb,1.0024,1.0041,ok,12948,4.8954,0.2602,6558,5002,4.8838,0.2591,3279
1.0114,underwear-3d-model-05-8fb7d42c.glb,1.0015,1.0271,ok,7220,3.6527,0.1531,3648,2834,3.6471,0.1490,1818
1.0148,underwear-3d-model-06-eab3de05.glb,1.0045,1.0121,ok,9896,5.1318,0.3429,4956,4552,5.1087,0.3388,2478
